LDA,0,1,2,3,4,5,6,7,8,9,10,11,12,13,14,15,16,17,18,19,20,21,22,23,24,25,26,27,28,29,30,31,32,33,34,35,36,37,38,39,40,41,42,43,44,45,46,47,48,49,50,51,52,53,54,55,56,57,58,59,60,61,62,63,64,65,66,67,68,69,70,71,72,73,74,75,76,77,78,79,80,81,82,83,84,85,86,87,88,89,90,91,92,93
0,0.02952029520295203,0.025830258302583026,0.04797047970479705,0.08856088560885608,0.04059040590405904,0.01107011070110701,0.02214022140221402,0.007380073800738007,0.0,0.014760147601476014,0.007380073800738007,0.014760147601476014,0.01107011070110701,0.01107011070110701,0.09225092250922509,0.007380073800738007,0.007380073800738007,0.007380073800738007,0.007380073800738007,0.025830258302583026,0.01107011070110701,0.0036900369003690036,0.0,0.0036900369003690036,0.0,0.0,0.0036900369003690036,0.007380073800738007,0.0,0.0,0.0036900369003690036,0.0036900369003690036,0.0,0.0,0.0,0.0,0.25461254612546125,0.0036900369003690036,0.033210332103321034,0.0,0.0,0.0036900369003690036,0.0,0.0036900369003690036,0.007380073800738007,0.0036900369003690036,0.0036900369003690036,0.0,0.0036900369003690036,0.0,0.007380073800738007,0.0,0.0,0.0,0.01107011070110701,0.02214022140221402,0.0,0.01107011070110701,0.0,0.01845018450184502,0.0036900369003690036,0.0,0.0,0.0,0.007380073800738007,0.0,0.0,0.0036900369003690036,0.007380073800738007,0.0,0.0,0.0,0.0,0.0036900369003690036,0.0,0.0,0.0036900369003690036,0.0,0.0,0.0036900369003690036,0.0036900369003690036,0.0036900369003690036,0.0,0.033210332103321034,0.0,0.0,0.0,0.0,0.0,0.0036900369003690036,0.01107011070110701,0.007380073800738007,0.0,0.0
1,0.0034482758620689655,0.006896551724137931,0.0034482758620689655,0.010344827586206896,0.013793103448275862,0.0034482758620689655,0.027586206896551724,0.027586206896551724,0.0,0.010344827586206896,0.0,0.034482758620689655,0.0034482758620689655,0.041379310344827586,0.006896551724137931,0.013793103448275862,0.0,0.006896551724137931,0.006896551724137931,0.010344827586206896,0.0,0.010344827586206896,0.041379310344827586,0.006896551724137931,0.020689655172413793,0.0034482758620689655,0.010344827586206896,0.013793103448275862,0.017241379310344827,0.0,0.0034482758620689655,0.0,0.0,0.0,0.0034482758620689655,0.0034482758620689655,0.0,0.0034482758620689655,0.010344827586206896,0.0,0.010344827586206896,0.0,0.0034482758620689655,0.0,0.006896551724137931,0.006896551724137931,0.0034482758620689655,0.0034482758620689655,0.010344827586206896,0.02413793103448276,0.0034482758620689655,0.0034482758620689655,0.0,0.0,0.0,0.05862068965517241,0.0,0.010344827586206896,0.0,0.0,0.2689655172413793,0.006896551724137931,0.0034482758620689655,0.0,0.0,0.0034482758620689655,0.0034482758620689655,0.03793103448275862,0.013793103448275862,0.0,0.0034482758620689655,0.0,0.0,0.0,0.04482758620689655,0.0,0.010344827586206896,0.0,0.0,0.0,0.0034482758620689655,0.010344827586206896,0.0,0.0034482758620689655,0.0,0.0034482758620689655,0.0,0.03103448275862069,0.0,0.0034482758620689655,0.0,0.013793103448275862,0.0,0.010344827586206896
2,0.015384615384615385,0.015384615384615385,0.015384615384615385,0.015384615384615385,0.06153846153846154,0.023076923076923078,0.011538461538461539,0.026923076923076925,0.0038461538461538464,0.011538461538461539,0.0038461538461538464,0.03076923076923077,0.0038461538461538464,0.0038461538461538464,0.011538461538461539,0.0038461538461538464,0.0,0.0038461538461538464,0.0038461538461538464,0.07307692307692308,0.0038461538461538464,0.007692307692307693,0.0038461538461538464,0.007692307692307693,0.0038461538461538464,0.0,0.015384615384615385,0.011538461538461539,0.0,0.0,0.0,0.0038461538461538464,0.0,0.0,0.0,0.0,0.0,0.0038461538461538464,0.0038461538461538464,0.0,0.0038461538461538464,0.0,0.15,0.0,0.0,0.0,0.0038461538461538464,0.0,0.0038461538461538464,0.08461538461538462,0.0,0.007692307692307693,0.0038461538461538464,0.0,0.0,0.0038461538461538464,0.0,0.06923076923076923,0.0038461538461538464,0.0038461538461538464,0.0,0.0,0.0038461538461538464,0.0,0.0,0.0038461538461538464,0.0038461538461538464,0.0,0.0,0.0,0.0038461538461538464,0.0,0.0,0.0,0.04230769230769231,0.0,0.04230769230769231,0.0,0.0,0.0038461538461538464,0.0,0.0038461538461538464,0.0038461538461538464,0.0,0.0,0.03461538461538462,0.007692307692307693,0.06153846153846154,0.0,0.026923076923076925,0.0,0.0,0.0038461538461538464,0.011538461538461539
3,0.08450704225352113,0.014084507042253521,0.014084507042253521,0.014084507042253521,0.014084507042253521,0.1267605633802817,0.0,0.014084507042253521,0.0,0.0,0.23943661971830985,0.0,0.014084507042253521,0.0,0.056338028169014086,0.0,0.028169014084507043,0.056338028169014086,0.028169014084507043,0.014084507042253521,0.014084507042253521,0.0,0.0,0.0,0.0,0.0,0.0,0.07042253521126761,0.028169014084507043,0.0,0.0,0.014084507042253521,0.0,0.014084507042253521,0.014084507042253521,0.0,0.0,0.0,0.014084507042253521,0.0,0.0,0.0,0.014084507042253521,0.014084507042253521,0.0,0.0,0.0,0.0,0.0,0.0,0.014084507042253521,0.0,0.0,0.0,0.0,0.0,0.0,0.0,0.0,0.0,0.0,0.0,0.0,0.0,0.0,0.0,0.0,0.0,0.0,0.0,0.014084507042253521,0.0,0.0,0.0,0.0,0.0,0.0,0.0,0.0,0.0,0.028169014084507043,0.014084507042253521,0.0,0.0,0.014084507042253521,0.0,0.0,0.0,0.0,0.0,0.0,0.0,0.0,0.0
4,0.015151515151515152,0.015151515151515152,0.007575757575757576,0.06060606060606061,0.007575757575757576,0.007575757575757576,0.007575757575757576,0.030303030303030304,0.007575757575757576,0.007575757575757576,0.015151515151515152,0.030303030303030304,0.007575757575757576,0.022727272727272728,0.022727272727272728,0.0,0.007575757575757576,0.007575757575757576,0.06060606060606061,0.05303030303030303,0.007575757575757576,0.0,0.015151515151515152,0.015151515151515152,0.0,0.045454545454545456,0.007575757575757576,0.030303030303030304,0.0,0.0,0.007575757575757576,0.0,0.0,0.06818181818181818,0.03787878787878788,0.007575757575757576,0.0,0.007575757575757576,0.0,0.030303030303030304,0.03787878787878788,0.07575757575757576,0.0,0.022727272727272728,0.0,0.0,0.007575757575757576,0.022727272727272728,0.0,0.007575757575757576,0.015151515151515152,0.007575757575757576,0.007575757575757576,0.0,0.007575757575757576,0.0,0.0,0.0,0.0,0.015151515151515152,0.0,0.0,0.0,0.0,0.007575757575757576,0.015151515151515152,0.007575757575757576,0.0,0.007575757575757576,0.007575757575757576,0.0,0.0,0.007575757575757576,0.0,0.007575757575757576,0.0,0.0,0.015151515151515152,0.007575757575757576,0.0,0.007575757575757576,0.007575757575757576,0.0,0.0,0.0,0.0,0.0,0.0,0.0,0.0,0.0,0.0,0.0,0.0
5,0.0,0.0,0.0,0.0,0.02702702702702703,0.02702702702702703,0.018018018018018018,0.02702702702702703,0.05405405405405406,0.009009009009009009,0.009009009009009009,0.009009009009009009,0.0,0.009009009009009009,0.009009009009009009,0.009009009009009009,0.009009009009009009,0.0,0.02702702702702703,0.08108108108108109,0.009009009009009009,0.0,0.02702702702702703,0.009009009009009009,0.009009009009009009,0.018018018018018018,0.0,0.34234234234234234,0.009009009009009009,0.0,0.009009009009009009,0.018018018018018018,0.0,0.009009009009009009,0.009009009009009009,0.0,0.0,0.009009009009009009,0.0,0.0,0.05405405405405406,0.0,0.0,0.0,0.0,0.0,0.009009009009009009,0.0,0.009009009009009009,0.009009009009009009,0.009009009009009009,0.0,0.009009009009009009,0.0,0.0,0.0,0.0,0.0,0.0,0.009009009009009009,0.0,0.009009009009009009,0.009009009009009009,0.0,0.0,0.009009009009009009,0.018018018018018018,0.0,0.0,0.0,0.009009009009009009,0.0,0.0,0.0,0.0,0.0,0.0,0.0,0.009009009009009009,0.0,0.0,0.009009009009009009,0.0,0.0,0.0,0.009009009009009009,0.0,0.0,0.009009009009009009,0.0,0.0,0.0,0.0,0.0
6,0.042735042735042736,0.008547008547008548,0.008547008547008548,0.017094017094017096,0.1282051282051282,0.02564102564102564,0.07692307692307693,0.008547008547008548,0.05128205128205128,0.017094017094017096,0.0,0.017094017094017096,0.017094017094017096,0.008547008547008548,0.03418803418803419,0.02564102564102564,0.008547008547008548,0.008547008547008548,0.008547008547008548,0.05982905982905983,0.042735042735042736,0.0,0.0,0.008547008547008548,0.008547008547008548,0.042735042735042736,0.0,0.008547008547008548,0.008547008547008548,0.0,0.017094017094017096,0.0,0.0,0.008547008547008548,0.0,0.0,0.0,0.0,0.008547008547008548,0.008547008547008548,0.1111111111111111,0.0,0.008547008547008548,0.008547008547008548,0.017094017094017096,0.0,0.0,0.0,0.0,0.008547008547008548,0.008547008547008548,0.008547008547008548,0.0,0.0,0.0,0.0,0.0,0.0,0.0,0.0,0.0,0.0,0.0,0.0,0.008547008547008548,0.0,0.017094017094017096,0.0,0.008547008547008548,0.008547008547008548,0.008547008547008548,0.0,0.0,0.0,0.0,0.0,0.008547008547008548,0.008547008547008548,0.0,0.008547008547008548,0.0,0.0,0.0,0.0,0.0,0.0,0.008547008547008548,0.0,0.0,0.0,0.0,0.008547008547008548,0.0,0.0
7,0.012605042016806723,0.004201680672268907,0.01680672268907563,0.7100840336134454,0.004201680672268907,0.004201680672268907,0.004201680672268907,0.0,0.004201680672268907,0.0,0.004201680672268907,0.008403361344537815,0.004201680672268907,0.004201680672268907,0.025210084033613446,0.0,0.0,0.0,0.0,0.0,0.0,0.0,0.0,0.0,0.0,0.0,0.0,0.03361344537815126,0.008403361344537815,0.0,0.0,0.0,0.0,0.0,0.0,0.0,0.02100840336134454,0.0,0.0,0.004201680672268907,0.004201680672268907,0.0,0.004201680672268907,0.0,0.0,0.0,0.0,0.0,0.0,0.0,0.0,0.0,0.0,0.0,0.0,0.0,0.004201680672268907,0.0,0.0,0.0,0.0,0.004201680672268907,0.0,0.0,0.004201680672268907,0.0,0.004201680672268907,0.0,0.0,0.0,0.0,0.0,0.07983193277310924,0.004201680672268907,0.0,0.008403361344537815,0.004201680672268907,0.0,0.0,0.0,0.0,0.0,0.0,0.0,0.0,0.0,0.004201680672268907,0.0,0.0,0.0,0.0,0.0,0.0,0.0
8,0.03474903474903475,0.015444015444015444,0.007722007722007722,0.023166023166023165,0.138996138996139,0.003861003861003861,0.02702702702702703,0.03861003861003861,0.003861003861003861,0.0,0.0,0.05791505791505792,0.003861003861003861,0.007722007722007722,0.02702702702702703,0.015444015444015444,0.003861003861003861,0.023166023166023165,0.023166023166023165,0.019305019305019305,0.015444015444015444,0.0,0.015444015444015444,0.10810810810810811,0.0,0.007722007722007722,0.0,0.03474903474903475,0.007722007722007722,0.0,0.015444015444015444,0.023166023166023165,0.0,0.0,0.019305019305019305,0.0,0.003861003861003861,0.011583011583011582,0.0,0.007722007722007722,0.0,0.0,0.0,0.0,0.0,0.011583011583011582,0.0,0.0,0.0,0.011583011583011582,0.0,0.0,0.007722007722007722,0.0,0.003861003861003861,0.0,0.0,0.003861003861003861,0.003861003861003861,0.011583011583011582,0.0,0.011583011583011582,0.003861003861003861,0.011583011583011582,0.011583011583011582,0.0,0.007722007722007722,0.007722007722007722,0.0,0.007722007722007722,0.011583011583011582,0.0,0.0,0.0,0.007722007722007722,0.0,0.007722007722007722,0.003861003861003861,0.03474903474903475,0.003861003861003861,0.003861003861003861,0.003861003861003861,0.0,0.02702702702702703,0.0,0.0,0.0,0.003861003861003861,0.0,0.0,0.003861003861003861,0.023166023166023165,0.0,0.003861003861003861
9,0.024282560706401765,0.004415011037527594,0.0,0.01545253863134658,0.011037527593818985,0.011037527593818985,0.004415011037527594,0.03532008830022075,0.052980132450331126,0.011037527593818985,0.002207505518763797,0.002207505518763797,0.002207505518763797,0.019867549668874173,0.04856512141280353,0.013245033112582781,0.004415011037527594,0.006622516556291391,0.006622516556291391,0.05077262693156733,0.002207505518763797,0.004415011037527594,0.006622516556291391,0.011037527593818985,0.39072847682119205,0.004415011037527594,0.002207505518763797,0.01545253863134658,0.004415011037527594,0.0,0.004415011037527594,0.004415011037527594,0.0,0.004415011037527594,0.004415011037527594,0.0,0.011037527593818985,0.008830022075055188,0.019867549668874173,0.002207505518763797,0.019867549668874173,0.002207505518763797,0.006622516556291391,0.002207505518763797,0.004415011037527594,0.004415011037527594,0.006622516556291391,0.0,0.002207505518763797,0.006622516556291391,0.0,0.0,0.004415011037527594,0.0,0.0,0.0,0.0,0.0,0.0,0.002207505518763797,0.0,0.0,0.002207505518763797,0.002207505518763797,0.0,0.002207505518763797,0.0,0.002207505518763797,0.006622516556291391,0.04415011037527594,0.0,0.0,0.002207505518763797,0.0,0.004415011037527594,0.002207505518763797,0.0,0.002207505518763797,0.002207505518763797,0.0,0.008830022075055188,0.0,0.0,0.002207505518763797,0.0,0.0,0.008830022075055188,0.0,0.0,0.002207505518763797,0.002207505518763797,0.006622516556291391,0.0,0.006622516556291391
10,0.038461538461538464,0.007692307692307693,0.007692307692307693,0.007692307692307693,0.038461538461538464,0.05,0.011538461538461539,0.05384615384615385,0.0038461538461538464,0.0038461538461538464,0.007692307692307693,0.007692307692307693,0.0,0.0038461538461538464,0.0038461538461538464,0.007692307692307693,0.0038461538461538464,0.015384615384615385,0.019230769230769232,0.011538461538461539,0.023076923076923078,0.007692307692307693,0.07307692307692308,0.0038461538461538464,0.007692307692307693,0.019230769230769232,0.011538461538461539,0.0038461538461538464,0.1076923076923077,0.0,0.04230769230769231,0.0038461538461538464,0.0,0.0038461538461538464,0.007692307692307693,0.0,0.0,0.007692307692307693,0.0038461538461538464,0.0038461538461538464,0.019230769230769232,0.0038461538461538464,0.019230769230769232,0.0038461538461538464,0.007692307692307693,0.0038461538461538464,0.0038461538461538464,0.0,0.015384615384615385,0.011538461538461539,0.046153846153846156,0.019230769230769232,0.007692307692307693,0.0,0.0,0.007692307692307693,0.0038461538461538464,0.023076923076923078,0.0,0.011538461538461539,0.007692307692307693,0.0038461538461538464,0.007692307692307693,0.0,0.011538461538461539,0.0,0.007692307692307693,0.0,0.0,0.0,0.007692307692307693,0.0,0.0,0.0,0.019230769230769232,0.011538461538461539,0.011538461538461539,0.0038461538461538464,0.0,0.0038461538461538464,0.0038461538461538464,0.0038461538461538464,0.0,0.0,0.0038461538461538464,0.007692307692307693,0.0038461538461538464,0.0038461538461538464,0.0,0.007692307692307693,0.0,0.011538461538461539,0.0038461538461538464,0.011538461538461539
11,0.05058365758754864,0.06614785992217899,0.0038910505836575876,0.054474708171206226,0.03501945525291829,0.06614785992217899,0.07003891050583658,0.0311284046692607,0.0,0.027237354085603113,0.007782101167315175,0.054474708171206226,0.0038910505836575876,0.011673151750972763,0.007782101167315175,0.0,0.01556420233463035,0.042801556420233464,0.0038910505836575876,0.007782101167315175,0.007782101167315175,0.019455252918287938,0.019455252918287938,0.054474708171206226,0.0,0.007782101167315175,0.023346303501945526,0.0,0.0038910505836575876,0.0,0.027237354085603113,0.011673151750972763,0.0,0.0,0.007782101167315175,0.0,0.01556420233463035,0.01556420233463035,0.007782101167315175,0.007782101167315175,0.0,0.0,0.0,0.0,0.0038910505836575876,0.0,0.011673151750972763,0.0,0.007782101167315175,0.007782101167315175,0.0,0.01556420233463035,0.0038910505836575876,0.0,0.019455252918287938,0.011673151750972763,0.0,0.0038910505836575876,0.007782101167315175,0.011673151750972763,0.0,0.0,0.0,0.0038910505836575876,0.023346303501945526,0.0,0.0,0.0,0.0,0.0038910505836575876,0.0,0.0,0.007782101167315175,0.007782101167315175,0.0,0.0038910505836575876,0.0038910505836575876,0.0,0.007782101167315175,0.0,0.0038910505836575876,0.011673151750972763,0.0,0.0038910505836575876,0.0,0.007782101167315175,0.0,0.0,0.0,0.0,0.0038910505836575876,0.007782101167315175,0.0038910505836575876,0.0
12,0.08018867924528301,0.03773584905660377,0.009433962264150943,0.0047169811320754715,0.0330188679245283,0.04245283018867924,0.04245283018867924,0.02358490566037736,0.009433962264150943,0.009433962264150943,0.009433962264150943,0.0,0.018867924528301886,0.009433962264150943,0.014150943396226415,0.0047169811320754715,0.018867924528301886,0.04245283018867924,0.0047169811320754715,0.009433962264150943,0.009433962264150943,0.0047169811320754715,0.0,0.07075471698113207,0.0,0.014150943396226415,0.0047169811320754715,0.0047169811320754715,0.0047169811320754715,0.0,0.0047169811320754715,0.25,0.0,0.009433962264150943,0.0047169811320754715,0.0,0.0,0.009433962264150943,0.0,0.0,0.0047169811320754715,0.0,0.0,0.0,0.009433962264150943,0.0047169811320754715,0.009433962264150943,0.018867924528301886,0.0,0.009433962264150943,0.009433962264150943,0.0,0.009433962264150943,0.0,0.0,0.0,0.0,0.0,0.014150943396226415,0.0,0.0,0.0,0.0047169811320754715,0.0047169811320754715,0.02358490566037736,0.0047169811320754715,0.0,0.0047169811320754715,0.0047169811320754715,0.0,0.0,0.0,0.0,0.0047169811320754715,0.0047169811320754715,0.014150943396226415,0.0047169811320754715,0.0,0.0047169811320754715,0.0,0.0,0.0047169811320754715,0.0,0.0,0.0,0.0,0.0,0.0,0.0,0.0,0.0,0.009433962264150943,0.0,0.0
13,0.0033112582781456954,0.009933774834437087,0.029801324503311258,0.016556291390728478,0.009933774834437087,0.0033112582781456954,0.006622516556291391,0.023178807947019868,0.006622516556291391,0.0033112582781456954,0.0,0.08278145695364239,0.0033112582781456954,0.0033112582781456954,0.0033112582781456954,0.0,0.0033112582781456954,0.11589403973509933,0.0,0.006622516556291391,0.0033112582781456954,0.009933774834437087,0.006622516556291391,0.023178807947019868,0.0,0.0,0.13245033112582782,0.0,0.0,0.0,0.03642384105960265,0.1456953642384106,0.0,0.0,0.0,0.0,0.016556291390728478,0.0033112582781456954,0.006622516556291391,0.0033112582781456954,0.0,0.0033112582781456954,0.009933774834437087,0.0,0.0,0.0,0.0,0.16556291390728478,0.0,0.0,0.006622516556291391,0.0,0.0,0.0,0.0033112582781456954,0.0,0.0033112582781456954,0.0,0.023178807947019868,0.0,0.0,0.0033112582781456954,0.0033112582781456954,0.019867549668874173,0.0033112582781456954,0.0033112582781456954,0.0,0.006622516556291391,0.0033112582781456954,0.0033112582781456954,0.0,0.0,0.0,0.0,0.0,0.0033112582781456954,0.0,0.0033112582781456954,0.0,0.006622516556291391,0.0,0.0,0.0,0.0,0.0,0.0033112582781456954,0.0033112582781456954,0.0,0.0,0.0,0.0,0.0,0.0,0.0
14,0.06097560975609756,0.024390243902439025,0.024390243902439025,0.024390243902439025,0.036585365853658534,0.012195121951219513,0.17073170731707318,0.024390243902439025,0.012195121951219513,0.012195121951219513,0.0,0.012195121951219513,0.012195121951219513,0.0,0.012195121951219513,0.0,0.036585365853658534,0.0,0.024390243902439025,0.04878048780487805,0.0,0.012195121951219513,0.012195121951219513,0.012195121951219513,0.0,0.024390243902439025,0.024390243902439025,0.04878048780487805,0.07317073170731707,0.0,0.0,0.0,0.0,0.0,0.024390243902439025,0.0,0.0,0.06097560975609756,0.012195121951219513,0.0,0.024390243902439025,0.0,0.024390243902439025,0.0,0.0,0.0,0.0,0.0,0.012195121951219513,0.012195121951219513,0.0,0.0,0.012195121951219513,0.0,0.0,0.012195121951219513,0.0,0.0,0.0,0.0,0.0,0.0,0.0,0.012195121951219513,0.0,0.0,0.012195121951219513,0.0,0.0,0.0,0.0,0.0,0.0,0.0,0.012195121951219513,0.0,0.0,0.0,0.0,0.012195121951219513,0.0,0.0,0.0,0.0,0.0,0.0,0.0,0.0,0.0,0.0,0.0,0.0,0.0,0.0
15,0.04231311706629055,0.01692524682651622,0.021156558533145273,0.06770098730606489,0.047954866008462625,0.029619181946403384,0.022566995768688293,0.012693935119887164,0.004231311706629055,0.007052186177715092,0.028208744710860368,0.009873060648801129,0.0380818053596615,0.023977433004231313,0.011283497884344146,0.004231311706629055,0.02538787023977433,0.023977433004231313,0.021156558533145273,0.005641748942172073,0.045133991537376586,0.0028208744710860366,0.03244005641748942,0.005641748942172073,0.0028208744710860366,0.031029619181946404,0.0028208744710860366,0.007052186177715092,0.015514809590973202,0.0,0.007052186177715092,0.0014104372355430183,0.0,0.00846262341325811,0.02538787023977433,0.0,0.0014104372355430183,0.011283497884344146,0.009873060648801129,0.029619181946403384,0.014104372355430184,0.01692524682651622,0.0028208744710860366,0.039492242595204514,0.014104372355430184,0.007052186177715092,0.0028208744710860366,0.005641748942172073,0.0028208744710860366,0.0,0.009873060648801129,0.00846262341325811,0.023977433004231313,0.0,0.01692524682651622,0.0028208744710860366,0.0014104372355430183,0.004231311706629055,0.004231311706629055,0.011283497884344146,0.0,0.0028208744710860366,0.0,0.005641748942172073,0.011283497884344146,0.0,0.0014104372355430183,0.011283497884344146,0.0,0.0028208744710860366,0.009873060648801129,0.0,0.0014104372355430183,0.0,0.0014104372355430183,0.004231311706629055,0.004231311706629055,0.0028208744710860366,0.0028208744710860366,0.005641748942172073,0.014104372355430184,0.004231311706629055,0.0,0.0028208744710860366,0.0028208744710860366,0.0,0.0014104372355430183,0.0,0.0,0.0014104372355430183,0.011283497884344146,0.0014104372355430183,0.0,0.0
16,0.01384083044982699,0.006920415224913495,0.010380622837370242,0.01384083044982699,0.020761245674740483,0.006920415224913495,0.0,0.010380622837370242,0.020761245674740483,0.0034602076124567475,0.03460207612456748,0.01384083044982699,0.006920415224913495,0.0,0.010380622837370242,0.2768166089965398,0.0,0.0034602076124567475,0.01384083044982699,0.03806228373702422,0.01384083044982699,0.006920415224913495,0.01384083044982699,0.01730103806228374,0.0034602076124567475,0.006920415224913495,0.006920415224913495,0.010380622837370242,0.2491349480968858,0.0,0.0,0.0034602076124567475,0.0,0.0034602076124567475,0.0034602076124567475,0.0,0.0,0.01730103806228374,0.006920415224913495,0.006920415224913495,0.02422145328719723,0.0,0.0034602076124567475,0.010380622837370242,0.0034602076124567475,0.0034602076124567475,0.0,0.0034602076124567475,0.0,0.01384083044982699,0.0,0.0,0.0034602076124567475,0.0,0.0,0.0,0.0,0.0034602076124567475,0.0,0.0034602076124567475,0.0,0.0034602076124567475,0.0,0.0,0.006920415224913495,0.0,0.006920415224913495,0.0,0.0034602076124567475,0.0,0.0,0.0,0.0,0.0034602076124567475,0.0,0.0,0.0,0.006920415224913495,0.0,0.0,0.0,0.0034602076124567475,0.0,0.0,0.006920415224913495,0.0,0.0,0.0034602076124567475,0.0,0.0034602076124567475,0.0,0.0034602076124567475,0.0,0.0
17,0.00558659217877095,0.0335195530726257,0.0223463687150838,0.07262569832402235,0.01675977653631285,0.0111731843575419,0.01675977653631285,0.027932960893854747,0.0,0.00558659217877095,0.027932960893854747,0.01675977653631285,0.00558659217877095,0.01675977653631285,0.0111731843575419,0.0,0.0,0.0335195530726257,0.0,0.03910614525139665,0.027932960893854747,0.00558659217877095,0.08379888268156424,0.0335195530726257,0.0,0.00558659217877095,0.0,0.0111731843575419,0.0,0.0,0.0,0.00558659217877095,0.0,0.0,0.0,0.0223463687150838,0.027932960893854747,0.027932960893854747,0.09497206703910614,0.0,0.0,0.0111731843575419,0.0,0.00558659217877095,0.0,0.0,0.0,0.01675977653631285,0.0,0.0223463687150838,0.0,0.0,0.0,0.0,0.01675977653631285,0.01675977653631285,0.0,0.01675977653631285,0.0,0.0111731843575419,0.00558659217877095,0.0,0.0,0.0,0.0,0.0,0.00558659217877095,0.00558659217877095,0.0,0.0,0.0111731843575419,0.0,0.0,0.0,0.0,0.055865921787709494,0.0111731843575419,0.00558659217877095,0.01675977653631285,0.0,0.0,0.00558659217877095,0.0,0.00558659217877095,0.00558659217877095,0.0,0.0111731843575419,0.0,0.0,0.00558659217877095,0.0,0.00558659217877095,0.0,0.01675977653631285
18,0.0,0.02586206896551724,0.008620689655172414,0.017241379310344827,0.04310344827586207,0.0,0.008620689655172414,0.034482758620689655,0.0,0.008620689655172414,0.04310344827586207,0.008620689655172414,0.008620689655172414,0.008620689655172414,0.034482758620689655,0.0,0.017241379310344827,0.017241379310344827,0.008620689655172414,0.008620689655172414,0.034482758620689655,0.0,0.0,0.02586206896551724,0.008620689655172414,0.017241379310344827,0.0,0.04310344827586207,0.008620689655172414,0.0,0.10344827586206896,0.0,0.0,0.02586206896551724,0.0,0.0,0.0,0.0,0.008620689655172414,0.0,0.008620689655172414,0.034482758620689655,0.0,0.0,0.008620689655172414,0.0,0.0,0.0,0.0,0.008620689655172414,0.0,0.0,0.0,0.0,0.16379310344827586,0.0,0.0,0.0,0.0,0.017241379310344827,0.0,0.0,0.008620689655172414,0.0,0.017241379310344827,0.008620689655172414,0.0,0.0,0.0,0.0,0.008620689655172414,0.0,0.0,0.0,0.0,0.0,0.0,0.008620689655172414,0.008620689655172414,0.0,0.0,0.0,0.0,0.017241379310344827,0.0,0.0,0.10344827586206896,0.0,0.0,0.0,0.0,0.0,0.0,0.0
19,0.01020408163265306,0.006802721088435374,0.003401360544217687,0.017006802721088437,0.017006802721088437,0.017006802721088437,0.003401360544217687,0.006802721088435374,0.19387755102040816,0.0,0.0,0.01020408163265306,0.0,0.0,0.023809523809523808,0.21428571428571427,0.003401360544217687,0.030612244897959183,0.013605442176870748,0.023809523809523808,0.0,0.003401360544217687,0.01020408163265306,0.006802721088435374,0.003401360544217687,0.0,0.003401360544217687,0.01020408163265306,0.0,0.0,0.003401360544217687,0.0,0.0,0.0,0.01020408163265306,0.0,0.0,0.0,0.013605442176870748,0.0,0.027210884353741496,0.0,0.006802721088435374,0.0,0.0,0.0,0.003401360544217687,0.003401360544217687,0.0,0.006802721088435374,0.003401360544217687,0.0,0.0,0.0,0.0,0.003401360544217687,0.0,0.0,0.0,0.003401360544217687,0.0,0.0,0.22108843537414966,0.003401360544217687,0.003401360544217687,0.0,0.003401360544217687,0.0,0.0,0.003401360544217687,0.003401360544217687,0.0,0.006802721088435374,0.003401360544217687,0.003401360544217687,0.0,0.0,0.0,0.003401360544217687,0.0,0.0,0.006802721088435374,0.0,0.003401360544217687,0.0,0.003401360544217687,0.003401360544217687,0.0,0.0,0.003401360544217687,0.0,0.003401360544217687,0.003401360544217687,0.0
20,0.0,0.0,0.0,0.045454545454545456,0.18181818181818182,0.045454545454545456,0.045454545454545456,0.0,0.0,0.045454545454545456,0.0,0.13636363636363635,0.045454545454545456,0.0,0.0,0.0,0.0,0.0,0.0,0.0,0.0,0.0,0.045454545454545456,0.0,0.0,0.09090909090909091,0.0,0.09090909090909091,0.045454545454545456,0.0,0.0,0.0,0.0,0.0,0.0,0.0,0.0,0.0,0.0,0.0,0.0,0.0,0.0,0.0,0.045454545454545456,0.0,0.0,0.0,0.0,0.0,0.0,0.0,0.0,0.0,0.0,0.0,0.0,0.0,0.0,0.0,0.0,0.0,0.0,0.0,0.045454545454545456,0.0,0.0,0.0,0.0,0.0,0.0,0.0,0.0,0.0,0.0,0.0,0.0,0.0,0.09090909090909091,0.0,0.0,0.0,0.0,0.0,0.0,0.0,0.0,0.0,0.0,0.0,0.0,0.0,0.0,0.0
21,0.010256410256410256,0.0,0.0,0.05641025641025641,0.010256410256410256,0.010256410256410256,0.010256410256410256,0.010256410256410256,0.0,0.010256410256410256,0.0,0.24615384615384617,0.020512820512820513,0.2,0.005128205128205128,0.0,0.0,0.010256410256410256,0.005128205128205128,0.005128205128205128,0.0,0.0,0.010256410256410256,0.0,0.0,0.0,0.005128205128205128,0.015384615384615385,0.015384615384615385,0.0,0.015384615384615385,0.0,0.0,0.0,0.015384615384615385,0.0,0.0,0.0,0.005128205128205128,0.010256410256410256,0.0,0.020512820512820513,0.005128205128205128,0.0,0.03076923076923077,0.03076923076923077,0.0,0.0,0.0,0.010256410256410256,0.0,0.0,0.005128205128205128,0.0,0.005128205128205128,0.03076923076923077,0.005128205128205128,0.005128205128205128,0.0,0.0,0.0,0.020512820512820513,0.0,0.0,0.020512820512820513,0.010256410256410256,0.005128205128205128,0.015384615384615385,0.0,0.005128205128205128,0.015384615384615385,0.0,0.0,0.0,0.0,0.005128205128205128,0.0,0.0,0.010256410256410256,0.0,0.015384615384615385,0.010256410256410256,0.0,0.0,0.0,0.0,0.015384615384615385,0.0,0.0,0.0,0.0,0.0,0.0,0.0
22,0.03763440860215054,0.0,0.005376344086021506,0.021505376344086023,0.026881720430107527,0.005376344086021506,0.010752688172043012,0.0,0.005376344086021506,0.021505376344086023,0.005376344086021506,0.0,0.3010752688172043,0.021505376344086023,0.026881720430107527,0.0,0.20430107526881722,0.0,0.021505376344086023,0.005376344086021506,0.010752688172043012,0.005376344086021506,0.005376344086021506,0.0,0.005376344086021506,0.010752688172043012,0.0,0.026881720430107527,0.010752688172043012,0.0,0.0,0.0,0.0,0.0,0.010752688172043012,0.0,0.005376344086021506,0.0,0.010752688172043012,0.005376344086021506,0.0,0.0,0.0,0.0,0.0,0.005376344086021506,0.005376344086021506,0.0,0.010752688172043012,0.005376344086021506,0.016129032258064516,0.005376344086021506,0.0,0.0,0.0,0.08602150537634409,0.0,0.0,0.0,0.005376344086021506,0.0,0.0,0.0,0.0,0.005376344086021506,0.0,0.005376344086021506,0.0,0.0,0.0,0.0,0.0,0.0,0.0,0.005376344086021506,0.0,0.0,0.0,0.005376344086021506,0.0,0.0,0.0,0.0,0.0,0.0,0.0,0.0,0.0,0.0,0.0,0.0,0.010752688172043012,0.0,0.0
23,0.013245033112582781,0.006622516556291391,0.12582781456953643,0.059602649006622516,0.059602649006622516,0.006622516556291391,0.006622516556291391,0.039735099337748346,0.006622516556291391,0.006622516556291391,0.013245033112582781,0.052980132450331126,0.0,0.013245033112582781,0.033112582781456956,0.0,0.006622516556291391,0.033112582781456956,0.013245033112582781,0.013245033112582781,0.019867549668874173,0.013245033112582781,0.013245033112582781,0.026490066225165563,0.0,0.0,0.019867549668874173,0.0,0.019867549668874173,0.0,0.006622516556291391,0.033112582781456956,0.0,0.0,0.013245033112582781,0.0,0.019867549668874173,0.033112582781456956,0.006622516556291391,0.006622516556291391,0.0,0.006622516556291391,0.006622516556291391,0.006622516556291391,0.0,0.0,0.0,0.006622516556291391,0.0,0.006622516556291391,0.046357615894039736,0.0,0.0,0.0,0.006622516556291391,0.006622516556291391,0.0,0.0,0.0,0.033112582781456956,0.0,0.046357615894039736,0.0,0.0,0.006622516556291391,0.0,0.0,0.006622516556291391,0.0,0.0,0.0,0.0,0.0,0.0,0.006622516556291391,0.006622516556291391,0.006622516556291391,0.0,0.006622516556291391,0.033112582781456956,0.0,0.0,0.0,0.0,0.0,0.013245033112582781,0.0,0.0,0.0,0.0,0.0,0.0,0.0,0.0
24,0.015228426395939087,0.015228426395939087,0.02030456852791878,0.06091370558375635,0.03553299492385787,0.050761421319796954,0.030456852791878174,0.12690355329949238,0.005076142131979695,0.0,0.0,0.02030456852791878,0.03553299492385787,0.02030456852791878,0.01015228426395939,0.005076142131979695,0.01015228426395939,0.04060913705583756,0.005076142131979695,0.01015228426395939,0.015228426395939087,0.015228426395939087,0.04060913705583756,0.01015228426395939,0.0,0.015228426395939087,0.005076142131979695,0.015228426395939087,0.01015228426395939,0.0,0.005076142131979695,0.005076142131979695,0.0,0.005076142131979695,0.015228426395939087,0.0,0.0,0.04060913705583756,0.0,0.005076142131979695,0.0,0.005076142131979695,0.0,0.005076142131979695,0.07106598984771574,0.0,0.005076142131979695,0.005076142131979695,0.005076142131979695,0.01015228426395939,0.0,0.01015228426395939,0.0,0.0,0.005076142131979695,0.005076142131979695,0.0,0.01015228426395939,0.0,0.005076142131979695,0.0,0.01015228426395939,0.0,0.0,0.015228426395939087,0.005076142131979695,0.0,0.005076142131979695,0.0,0.005076142131979695,0.0,0.0,0.0,0.005076142131979695,0.005076142131979695,0.0,0.01015228426395939,0.01015228426395939,0.015228426395939087,0.01015228426395939,0.01015228426395939,0.005076142131979695,0.0,0.0,0.01015228426395939,0.015228426395939087,0.0,0.0,0.0,0.0,0.0,0.0,0.0,0.0
25,0.08446866485013624,0.043596730245231606,0.01634877384196185,0.021798365122615803,0.08719346049046321,0.08174386920980926,0.03814713896457766,0.02452316076294278,0.0027247956403269754,0.01634877384196185,0.0027247956403269754,0.010899182561307902,0.0027247956403269754,0.04632152588555858,0.008174386920980926,0.021798365122615803,0.0027247956403269754,0.02997275204359673,0.005449591280653951,0.008174386920980926,0.010899182561307902,0.02452316076294278,0.008174386920980926,0.013623978201634877,0.0027247956403269754,0.021798365122615803,0.01907356948228883,0.0027247956403269754,0.02997275204359673,0.0,0.0027247956403269754,0.02997275204359673,0.0,0.005449591280653951,0.010899182561307902,0.0,0.005449591280653951,0.005449591280653951,0.0027247956403269754,0.0027247956403269754,0.0,0.0027247956403269754,0.010899182561307902,0.0027247956403269754,0.008174386920980926,0.008174386920980926,0.005449591280653951,0.013623978201634877,0.0,0.0027247956403269754,0.005449591280653951,0.010899182561307902,0.0027247956403269754,0.0,0.0027247956403269754,0.005449591280653951,0.0027247956403269754,0.0,0.0,0.021798365122615803,0.0,0.0,0.0,0.013623978201634877,0.0027247956403269754,0.0,0.0,0.0027247956403269754,0.0,0.0027247956403269754,0.005449591280653951,0.0,0.0027247956403269754,0.01634877384196185,0.005449591280653951,0.005449591280653951,0.008174386920980926,0.0027247956403269754,0.0,0.0027247956403269754,0.005449591280653951,0.005449591280653951,0.0,0.0,0.0027247956403269754,0.008174386920980926,0.035422343324250684,0.0027247956403269754,0.0,0.0027247956403269754,0.0,0.005449591280653951,0.0,0.0
26,0.007407407407407408,0.0049382716049382715,0.007407407407407408,0.0024691358024691358,0.07654320987654321,0.0049382716049382715,0.0049382716049382715,0.0049382716049382715,0.582716049382716,0.0,0.0,0.0049382716049382715,0.0024691358024691358,0.0049382716049382715,0.0,0.1382716049382716,0.0,0.007407407407407408,0.0049382716049382715,0.007407407407407408,0.009876543209876543,0.007407407407407408,0.0049382716049382715,0.0049382716049382715,0.0,0.019753086419753086,0.0,0.0024691358024691358,0.0,0.0,0.0,0.0,0.0,0.0,0.0049382716049382715,0.0,0.0,0.0049382716049382715,0.0,0.0024691358024691358,0.0024691358024691358,0.0,0.0,0.0024691358024691358,0.0,0.0,0.0049382716049382715,0.0049382716049382715,0.0024691358024691358,0.0,0.0,0.0,0.009876543209876543,0.0,0.0,0.0024691358024691358,0.0,0.0,0.0,0.007407407407407408,0.0,0.007407407407407408,0.0,0.0,0.0,0.0024691358024691358,0.0049382716049382715,0.0,0.007407407407407408,0.0024691358024691358,0.0,0.0,0.0,0.0,0.0024691358024691358,0.0,0.0,0.0,0.0,0.0,0.0,0.0024691358024691358,0.0,0.0,0.0,0.0024691358024691358,0.0,0.0,0.0,0.0,0.0,0.0,0.0,0.0024691358024691358
27,0.0784313725490196,0.011764705882352941,0.03137254901960784,0.023529411764705882,0.06274509803921569,0.0784313725490196,0.1803921568627451,0.00784313725490196,0.011764705882352941,0.01568627450980392,0.00392156862745098,0.011764705882352941,0.0196078431372549,0.00392156862745098,0.10588235294117647,0.011764705882352941,0.00784313725490196,0.00392156862745098,0.0,0.050980392156862744,0.00784313725490196,0.00392156862745098,0.00392156862745098,0.01568627450980392,0.00784313725490196,0.00392156862745098,0.0,0.0,0.0,0.0,0.00784313725490196,0.0,0.0,0.0,0.011764705882352941,0.0,0.0,0.00392156862745098,0.00392156862745098,0.00392156862745098,0.00392156862745098,0.0,0.0,0.0,0.0,0.06274509803921569,0.00784313725490196,0.00392156862745098,0.00784313725490196,0.0,0.0,0.0196078431372549,0.0,0.0,0.0,0.0,0.0,0.00784313725490196,0.00392156862745098,0.03137254901960784,0.0,0.00392156862745098,0.0,0.011764705882352941,0.0,0.00784313725490196,0.0,0.00392156862745098,0.0,0.011764705882352941,0.00392156862745098,0.0,0.0,0.0,0.0,0.0,0.0,0.0,0.0,0.0,0.0,0.0,0.0,0.0,0.00784313725490196,0.0,0.00392156862745098,0.0,0.0,0.0,0.0,0.0,0.0,0.0
28,0.0,0.10256410256410256,0.01282051282051282,0.0,0.02564102564102564,0.02564102564102564,0.01282051282051282,0.07692307692307693,0.0,0.0,0.0,0.05128205128205128,0.0,0.01282051282051282,0.02564102564102564,0.0,0.01282051282051282,0.05128205128205128,0.02564102564102564,0.0,0.0,0.038461538461538464,0.0,0.02564102564102564,0.01282051282051282,0.0,0.0641025641025641,0.01282051282051282,0.0,0.0,0.0,0.0,0.0,0.01282051282051282,0.02564102564102564,0.0,0.01282051282051282,0.01282051282051282,0.0,0.01282051282051282,0.01282051282051282,0.0,0.02564102564102564,0.0,0.0,0.01282051282051282,0.0,0.038461538461538464,0.0,0.02564102564102564,0.11538461538461539,0.0,0.0,0.0,0.01282051282051282,0.0,0.0,0.0,0.0,0.0,0.0,0.0,0.02564102564102564,0.0,0.0,0.0,0.0,0.0,0.0,0.0,0.0,0.0,0.0,0.0,0.0,0.0,0.0,0.01282051282051282,0.0,0.01282051282051282,0.0,0.0,0.0,0.0,0.01282051282051282,0.0,0.0,0.0,0.0,0.01282051282051282,0.0,0.0,0.01282051282051282,0.0
29,0.037037037037037035,0.01182033096926714,0.022852639873916468,0.022852639873916468,0.04964539007092199,0.03467297084318361,0.022852639873916468,0.02127659574468085,0.007880220646178092,0.0031520882584712374,0.008668242710795903,0.014184397163120567,0.01103230890464933,0.008668242710795903,0.03152088258471237,0.007880220646178092,0.004728132387706856,0.018912529550827423,0.0677698975571316,0.016548463356973995,0.04885736800630418,0.009456264775413711,0.017336485421591805,0.015760441292356184,0.0015760441292356187,0.04728132387706856,0.005516154452324665,0.01103230890464933,0.008668242710795903,0.0,0.004728132387706856,0.0031520882584712374,0.0,0.01103230890464933,0.0425531914893617,0.0031520882584712374,0.0031520882584712374,0.005516154452324665,0.0070921985815602835,0.04491725768321513,0.01024428684003152,0.002364066193853428,0.004728132387706856,0.0015760441292356187,0.0031520882584712374,0.003940110323089046,0.003940110323089046,0.0031520882584712374,0.0015760441292356187,0.016548463356973995,0.005516154452324665,0.013396375098502758,0.02442868400315209,0.0,0.0070921985815602835,0.0015760441292356187,0.002364066193853428,0.006304176516942475,0.0007880220646178094,0.004728132387706856,0.0007880220646178094,0.0007880220646178094,0.0031520882584712374,0.002364066193853428,0.006304176516942475,0.003940110323089046,0.026792750197005517,0.0031520882584712374,0.0031520882584712374,0.0070921985815602835,0.014972419227738377,0.0,0.003940110323089046,0.0007880220646178094,0.003940110323089046,0.003940110323089046,0.0031520882584712374,0.02364066193853428,0.0070921985815602835,0.0007880220646178094,0.0007880220646178094,0.015760441292356184,0.0007880220646178094,0.015760441292356184,0.002364066193853428,0.006304176516942475,0.0031520882584712374,0.0015760441292356187,0.0,0.0,0.0,0.0007880220646178094,0.0,0.0007880220646178094
30,0.012779552715654952,0.0,0.04792332268370607,0.038338658146964855,0.11501597444089456,0.01597444089456869,0.0,0.009584664536741214,0.0,0.0,0.022364217252396165,0.022364217252396165,0.04792332268370607,0.17252396166134185,0.003194888178913738,0.003194888178913738,0.006389776357827476,0.006389776357827476,0.01597444089456869,0.003194888178913738,0.006389776357827476,0.003194888178913738,0.012779552715654952,0.009584664536741214,0.0,0.01597444089456869,0.0,0.0,0.006389776357827476,0.0,0.006389776357827476,0.0,0.0,0.006389776357827476,0.006389776357827476,0.006389776357827476,0.006389776357827476,0.03514376996805112,0.0,0.003194888178913738,0.006389776357827476,0.009584664536741214,0.003194888178913738,0.006389776357827476,0.009584664536741214,0.06070287539936102,0.0,0.0,0.0,0.003194888178913738,0.006389776357827476,0.006389776357827476,0.0,0.0,0.003194888178913738,0.009584664536741214,0.01597444089456869,0.0,0.0,0.006389776357827476,0.003194888178913738,0.04792332268370607,0.0,0.0,0.003194888178913738,0.03514376996805112,0.0,0.02875399361022364,0.0,0.0,0.003194888178913738,0.0,0.0,0.0,0.0,0.0,0.003194888178913738,0.0,0.0,0.003194888178913738,0.009584664536741214,0.006389776357827476,0.0,0.0,0.03514376996805112,0.0,0.003194888178913738,0.0,0.0,0.003194888178913738,0.0,0.0,0.0,0.0
31,0.004010695187165776,0.00267379679144385,0.44919786096256686,0.03074866310160428,0.008021390374331552,0.004010695187165776,0.001336898395721925,0.0106951871657754,0.0,0.0,0.0,0.05748663101604278,0.0053475935828877,0.004010695187165776,0.022727272727272728,0.0,0.0,0.02406417112299465,0.001336898395721925,0.001336898395721925,0.04679144385026738,0.0053475935828877,0.001336898395721925,0.0213903743315508,0.001336898395721925,0.0053475935828877,0.001336898395721925,0.004010695187165776,0.001336898395721925,0.0,0.12834224598930483,0.012032085561497326,0.0,0.001336898395721925,0.004010695187165776,0.001336898395721925,0.06149732620320856,0.001336898395721925,0.001336898395721925,0.0,0.001336898395721925,0.0,0.001336898395721925,0.0,0.001336898395721925,0.0,0.0,0.008021390374331552,0.0,0.0,0.004010695187165776,0.0,0.00267379679144385,0.0,0.0053475935828877,0.001336898395721925,0.0,0.0053475935828877,0.0,0.004010695187165776,0.0,0.0,0.0,0.001336898395721925,0.004010695187165776,0.0,0.001336898395721925,0.0,0.0,0.0,0.001336898395721925,0.0,0.0,0.0,0.0,0.0,0.001336898395721925,0.001336898395721925,0.001336898395721925,0.001336898395721925,0.0,0.001336898395721925,0.0,0.00267379679144385,0.0,0.001336898395721925,0.0,0.0,0.0,0.0,0.01871657754010695,0.001336898395721925,0.0,0.0
32,0.4,0.003896103896103896,0.0012987012987012987,0.006493506493506494,0.01038961038961039,0.01818181818181818,0.0025974025974025974,0.0025974025974025974,0.0,0.0012987012987012987,0.2519480519480519,0.0025974025974025974,0.02727272727272727,0.0,0.003896103896103896,0.0,0.11298701298701298,0.003896103896103896,0.00909090909090909,0.0012987012987012987,0.0012987012987012987,0.0,0.0,0.0,0.0,0.005194805194805195,0.0,0.003896103896103896,0.0012987012987012987,0.0,0.0025974025974025974,0.0,0.0,0.01948051948051948,0.0,0.0,0.0,0.003896103896103896,0.0012987012987012987,0.0025974025974025974,0.0,0.0025974025974025974,0.0025974025974025974,0.015584415584415584,0.003896103896103896,0.0012987012987012987,0.0012987012987012987,0.005194805194805195,0.0012987012987012987,0.0012987012987012987,0.0,0.003896103896103896,0.0,0.0,0.0012987012987012987,0.0025974025974025974,0.0025974025974025974,0.0,0.02857142857142857,0.0,0.0,0.0012987012987012987,0.0,0.0,0.0012987012987012987,0.0012987012987012987,0.0012987012987012987,0.003896103896103896,0.0,0.0025974025974025974,0.0,0.0,0.0,0.0025974025974025974,0.0,0.0,0.0,0.0,0.0012987012987012987,0.0012987012987012987,0.0012987012987012987,0.0025974025974025974,0.0,0.0,0.0,0.0012987012987012987,0.0,0.0,0.0,0.0,0.0,0.0012987012987012987,0.0012987012987012987,0.0
33,0.028938906752411574,0.012861736334405145,0.04823151125401929,0.04823151125401929,0.012861736334405145,0.05787781350482315,0.012861736334405145,0.03858520900321544,0.028938906752411574,0.006430868167202572,0.006430868167202572,0.0,0.02572347266881029,0.03215434083601286,0.00964630225080386,0.022508038585209004,0.0,0.012861736334405145,0.01607717041800643,0.00964630225080386,0.022508038585209004,0.006430868167202572,0.00964630225080386,0.0,0.003215434083601286,0.1157556270096463,0.00964630225080386,0.01929260450160772,0.0,0.0,0.006430868167202572,0.006430868167202572,0.0,0.01929260450160772,0.01929260450160772,0.0,0.0,0.003215434083601286,0.003215434083601286,0.003215434083601286,0.0,0.15112540192926044,0.0,0.003215434083601286,0.006430868167202572,0.00964630225080386,0.003215434083601286,0.0,0.006430868167202572,0.0,0.003215434083601286,0.0,0.0,0.0,0.0,0.0,0.03858520900321544,0.006430868167202572,0.0,0.0,0.0,0.012861736334405145,0.0,0.003215434083601286,0.003215434083601286,0.012861736334405145,0.0,0.02572347266881029,0.006430868167202572,0.0,0.003215434083601286,0.0,0.0,0.0,0.00964630225080386,0.0,0.0,0.0,0.006430868167202572,0.0,0.0,0.003215434083601286,0.0,0.0,0.0,0.0,0.0,0.0,0.0,0.0,0.0,0.006430868167202572,0.0,0.0
34,0.027932960893854747,0.01675977653631285,0.027932960893854747,0.0111731843575419,0.061452513966480445,0.027932960893854747,0.027932960893854747,0.061452513966480445,0.00558659217877095,0.0111731843575419,0.0446927374301676,0.00558659217877095,0.00558659217877095,0.027932960893854747,0.01675977653631285,0.0,0.00558659217877095,0.0223463687150838,0.027932960893854747,0.055865921787709494,0.00558659217877095,0.00558659217877095,0.0446927374301676,0.01675977653631285,0.0111731843575419,0.027932960893854747,0.0,0.055865921787709494,0.027932960893854747,0.0,0.0,0.00558659217877095,0.0,0.0223463687150838,0.00558659217877095,0.0,0.0,0.01675977653631285,0.0,0.00558659217877095,0.00558659217877095,0.0,0.0,0.00558659217877095,0.0223463687150838,0.0,0.0111731843575419,0.0,0.0,0.0111731843575419,0.00558659217877095,0.00558659217877095,0.0335195530726257,0.00558659217877095,0.0111731843575419,0.0,0.0,0.00558659217877095,0.00558659217877095,0.00558659217877095,0.0,0.0,0.0,0.00558659217877095,0.0223463687150838,0.0,0.00558659217877095,0.00558659217877095,0.0,0.0,0.0223463687150838,0.0,0.00558659217877095,0.0,0.01675977653631285,0.0,0.0,0.00558659217877095,0.0,0.0,0.00558659217877095,0.0111731843575419,0.0,0.0111731843575419,0.0,0.0,0.0,0.0,0.0,0.0,0.00558659217877095,0.0,0.0,0.0
35,0.041935483870967745,0.0064516129032258064,0.012903225806451613,0.012903225806451613,0.05806451612903226,0.03225806451612903,0.02258064516129032,0.02903225806451613,0.012903225806451613,0.03225806451612903,0.02258064516129032,0.016129032258064516,0.0032258064516129032,0.02258064516129032,0.0064516129032258064,0.01935483870967742,0.00967741935483871,0.02258064516129032,0.02903225806451613,0.041935483870967745,0.02258064516129032,0.00967741935483871,0.03225806451612903,0.00967741935483871,0.0,0.02258064516129032,0.0,0.0064516129032258064,0.02258064516129032,0.0,0.0,0.0,0.0,0.025806451612903226,0.06129032258064516,0.0,0.0,0.0032258064516129032,0.01935483870967742,0.02903225806451613,0.03225806451612903,0.00967741935483871,0.0064516129032258064,0.0064516129032258064,0.0032258064516129032,0.0064516129032258064,0.00967741935483871,0.0,0.00967741935483871,0.0,0.0064516129032258064,0.016129032258064516,0.00967741935483871,0.0,0.0064516129032258064,0.0,0.0,0.0,0.0,0.0032258064516129032,0.0,0.0064516129032258064,0.0032258064516129032,0.0,0.0064516129032258064,0.00967741935483871,0.01935483870967742,0.0032258064516129032,0.016129032258064516,0.0032258064516129032,0.0064516129032258064,0.0,0.0064516129032258064,0.0,0.0032258064516129032,0.00967741935483871,0.0032258064516129032,0.0,0.0064516129032258064,0.0,0.025806451612903226,0.0032258064516129032,0.0,0.00967741935483871,0.0,0.0,0.0064516129032258064,0.0032258064516129032,0.0,0.0032258064516129032,0.0,0.0,0.0,0.0
36,0.022222222222222223,0.003703703703703704,0.0,0.011111111111111112,0.011111111111111112,0.011111111111111112,0.014814814814814815,0.06666666666666667,0.007407407407407408,0.003703703703703704,0.0,0.003703703703703704,0.007407407407407408,0.007407407407407408,0.003703703703703704,0.003703703703703704,0.0,0.003703703703703704,0.0,0.018518518518518517,0.007407407407407408,0.044444444444444446,0.03333333333333333,0.014814814814814815,0.003703703703703704,0.007407407407407408,0.007407407407407408,0.0,0.011111111111111112,0.0,0.0,0.0,0.0,0.0,0.0,0.0,0.003703703703703704,0.0,0.003703703703703704,0.007407407407407408,0.007407407407407408,0.003703703703703704,0.014814814814814815,0.0,0.018518518518518517,0.0,0.0,0.0,0.06666666666666667,0.0,0.011111111111111112,0.0,0.0,0.0,0.003703703703703704,0.0,0.0,0.007407407407407408,0.003703703703703704,0.011111111111111112,0.0,0.0,0.0,0.003703703703703704,0.003703703703703704,0.0,0.0,0.0,0.0,0.0,0.003703703703703704,0.0,0.0,0.0,0.022222222222222223,0.003703703703703704,0.018518518518518517,0.0,0.0,0.011111111111111112,0.0,0.0,0.2074074074074074,0.003703703703703704,0.0,0.003703703703703704,0.0,0.07407407407407407,0.0,0.1259259259259259,0.0,0.0,0.003703703703703704,0.022222222222222223
37,0.16666666666666666,0.027777777777777776,0.013888888888888888,0.05555555555555555,0.09722222222222222,0.06944444444444445,0.041666666666666664,0.013888888888888888,0.0,0.0,0.0,0.013888888888888888,0.0,0.0,0.013888888888888888,0.0,0.0,0.027777777777777776,0.0,0.0,0.013888888888888888,0.013888888888888888,0.041666666666666664,0.013888888888888888,0.0,0.0,0.013888888888888888,0.0,0.0,0.0,0.0,0.0,0.0,0.013888888888888888,0.0,0.0,0.0,0.0,0.0,0.027777777777777776,0.0,0.0,0.027777777777777776,0.013888888888888888,0.0,0.013888888888888888,0.013888888888888888,0.0,0.0,0.013888888888888888,0.0,0.1111111111111111,0.013888888888888888,0.0,0.0,0.0,0.0,0.0,0.013888888888888888,0.013888888888888888,0.0,0.0,0.0,0.013888888888888888,0.0,0.0,0.0,0.013888888888888888,0.013888888888888888,0.0,0.0,0.0,0.013888888888888888,0.013888888888888888,0.0,0.0,0.0,0.0,0.0,0.0,0.0,0.0,0.0,0.0,0.0,0.0,0.0,0.0,0.0,0.0,0.0,0.013888888888888888,0.0,0.0
38,0.0,0.0,0.016129032258064516,0.021505376344086023,0.10752688172043011,0.005376344086021506,0.0,0.016129032258064516,0.010752688172043012,0.0,0.005376344086021506,0.010752688172043012,0.005376344086021506,0.03225806451612903,0.005376344086021506,0.016129032258064516,0.0,0.005376344086021506,0.12903225806451613,0.0,0.005376344086021506,0.005376344086021506,0.010752688172043012,0.005376344086021506,0.0,0.0,0.010752688172043012,0.010752688172043012,0.005376344086021506,0.0,0.0,0.005376344086021506,0.0,0.08602150537634409,0.010752688172043012,0.0,0.0,0.005376344086021506,0.0,0.010752688172043012,0.08602150537634409,0.010752688172043012,0.0,0.0,0.005376344086021506,0.05913978494623656,0.0,0.0,0.0,0.0,0.0,0.0,0.005376344086021506,0.0,0.005376344086021506,0.005376344086021506,0.043010752688172046,0.0,0.0,0.005376344086021506,0.005376344086021506,0.0,0.005376344086021506,0.0,0.0,0.016129032258064516,0.0,0.005376344086021506,0.0,0.0,0.005376344086021506,0.0,0.0,0.0,0.0,0.0,0.005376344086021506,0.026881720430107527,0.0,0.0,0.016129032258064516,0.0,0.0,0.0,0.12903225806451613,0.0,0.0,0.0,0.0,0.0,0.0,0.0,0.0,0.0
39,0.0,0.0,0.018518518518518517,0.0,0.018518518518518517,0.0,0.037037037037037035,0.0,0.018518518518518517,0.0,0.018518518518518517,0.018518518518518517,0.0,0.0,0.018518518518518517,0.018518518518518517,0.0,0.037037037037037035,0.018518518518518517,0.1111111111111111,0.018518518518518517,0.0,0.0,0.09259259259259259,0.018518518518518517,0.037037037037037035,0.0,0.25925925925925924,0.037037037037037035,0.0,0.0,0.0,0.0,0.0,0.018518518518518517,0.0,0.018518518518518517,0.018518518518518517,0.0,0.037037037037037035,0.05555555555555555,0.0,0.0,0.018518518518518517,0.0,0.0,0.0,0.0,0.0,0.0,0.018518518518518517,0.0,0.0,0.0,0.0,0.0,0.0,0.0,0.0,0.0,0.0,0.0,0.0,0.0,0.0,0.0,0.0,0.0,0.0,0.0,0.0,0.0,0.0,0.0,0.0,0.0,0.0,0.0,0.0,0.0,0.0,0.0,0.0,0.018518518518518517,0.0,0.0,0.0,0.0,0.0,0.0,0.0,0.0,0.0,0.0
40,0.021834061135371178,0.026200873362445413,0.03056768558951965,0.013100436681222707,0.048034934497816595,0.008733624454148471,0.004366812227074236,0.013100436681222707,0.008733624454148471,0.017467248908296942,0.004366812227074236,0.013100436681222707,0.008733624454148471,0.013100436681222707,0.07423580786026202,0.021834061135371178,0.004366812227074236,0.017467248908296942,0.0,0.08296943231441048,0.013100436681222707,0.004366812227074236,0.004366812227074236,0.008733624454148471,0.004366812227074236,0.013100436681222707,0.008733624454148471,0.0,0.008733624454148471,0.0,0.0,0.004366812227074236,0.0,0.008733624454148471,0.0,0.0,0.0,0.0,0.09170305676855896,0.004366812227074236,0.004366812227074236,0.0,0.0,0.0,0.004366812227074236,0.0,0.13100436681222707,0.0,0.0,0.008733624454148471,0.0,0.0,0.0,0.0,0.0,0.0,0.0,0.0,0.0,0.0,0.004366812227074236,0.0,0.0,0.0,0.004366812227074236,0.013100436681222707,0.0,0.0,0.18340611353711792,0.0,0.0,0.0,0.0,0.0,0.0,0.0,0.0,0.0,0.004366812227074236,0.004366812227074236,0.004366812227074236,0.008733624454148471,0.0,0.0,0.0,0.0,0.0,0.0,0.0,0.0,0.0,0.0,0.013100436681222707,0.004366812227074236
41,0.0,0.0,0.023255813953488372,0.011627906976744186,0.08139534883720931,0.023255813953488372,0.10465116279069768,0.011627906976744186,0.011627906976744186,0.023255813953488372,0.0,0.011627906976744186,0.0,0.03488372093023256,0.0,0.011627906976744186,0.0,0.09302325581395349,0.0,0.0,0.22093023255813954,0.011627906976744186,0.011627906976744186,0.03488372093023256,0.0,0.023255813953488372,0.0,0.023255813953488372,0.011627906976744186,0.0,0.0,0.0,0.0,0.0,0.03488372093023256,0.0,0.011627906976744186,0.0,0.0,0.0,0.023255813953488372,0.0,0.0,0.0,0.0,0.011627906976744186,0.011627906976744186,0.023255813953488372,0.0,0.0,0.0,0.011627906976744186,0.011627906976744186,0.0,0.011627906976744186,0.0,0.0,0.0,0.0,0.0,0.0,0.011627906976744186,0.0,0.0,0.023255813953488372,0.0,0.0,0.011627906976744186,0.0,0.0,0.0,0.0,0.0,0.0,0.0,0.0,0.0,0.011627906976744186,0.0,0.0,0.0,0.0,0.0,0.0,0.0,0.0,0.011627906976744186,0.0,0.0,0.0,0.0,0.0,0.0,0.0
42,0.0,0.009302325581395349,0.0,0.009302325581395349,0.018604651162790697,0.004651162790697674,0.018604651162790697,0.009302325581395349,0.018604651162790697,0.013953488372093023,0.004651162790697674,0.009302325581395349,0.004651162790697674,0.004651162790697674,0.009302325581395349,0.004651162790697674,0.0,0.009302325581395349,0.0,0.013953488372093023,0.004651162790697674,0.0,0.009302325581395349,0.004651162790697674,0.0,0.0,0.0,0.009302325581395349,0.0,0.0,0.0,0.0,0.0,0.0,0.0,0.7395348837209302,0.004651162790697674,0.0,0.009302325581395349,0.004651162790697674,0.0,0.0,0.009302325581395349,0.004651162790697674,0.004651162790697674,0.0,0.0,0.0,0.0,0.0,0.009302325581395349,0.0,0.0,0.0,0.0,0.0,0.0,0.0,0.0,0.0,0.0,0.0,0.0,0.0,0.0,0.0,0.009302325581395349,0.0,0.0,0.0,0.0,0.0,0.004651162790697674,0.0,0.0,0.0,0.009302325581395349,0.0,0.0,0.0,0.0,0.0,0.0,0.0,0.0,0.0,0.0,0.0,0.0,0.0,0.0,0.0,0.0,0.0
43,0.024390243902439025,0.012195121951219513,0.0,0.04878048780487805,0.024390243902439025,0.04878048780487805,0.012195121951219513,0.036585365853658534,0.0,0.012195121951219513,0.0,0.0975609756097561,0.036585365853658534,0.06097560975609756,0.036585365853658534,0.08536585365853659,0.0,0.0,0.0,0.036585365853658534,0.0,0.0,0.0,0.012195121951219513,0.0,0.0,0.012195121951219513,0.036585365853658534,0.012195121951219513,0.0,0.012195121951219513,0.0,0.0,0.0,0.0,0.012195121951219513,0.0,0.012195121951219513,0.0,0.0,0.12195121951219512,0.06097560975609756,0.012195121951219513,0.0,0.0,0.0,0.0,0.0,0.0,0.0,0.024390243902439025,0.012195121951219513,0.0,0.0,0.0,0.0,0.0,0.0,0.0,0.012195121951219513,0.0,0.024390243902439025,0.0,0.0,0.0,0.024390243902439025,0.0,0.0,0.012195121951219513,0.0,0.0,0.0,0.0,0.0,0.0,0.0,0.0,0.0,0.0,0.0,0.0,0.0,0.0,0.0,0.0,0.0,0.0,0.0,0.0,0.0,0.0,0.0,0.012195121951219513,0.0
44,0.0,0.0,0.0015772870662460567,0.0,0.00473186119873817,0.0,0.0,0.0,0.0031545741324921135,0.02050473186119874,0.0,0.0,0.0,0.0,0.0,0.0,0.0,0.0031545741324921135,0.0,0.0031545741324921135,0.0,0.0,0.0015772870662460567,0.0,0.0,0.0,0.0,0.0015772870662460567,0.0,0.32018927444794953,0.0,0.0,0.2981072555205047,0.0,0.0,0.0,0.0,0.0,0.0,0.0,0.0,0.0,0.0015772870662460567,0.0,0.0,0.0,0.0,0.0,0.0,0.0,0.0,0.0,0.0,0.14511041009463724,0.0,0.0,0.0,0.0,0.0,0.0,0.0,0.0,0.0,0.0,0.0,0.0,0.0,0.0,0.0,0.0,0.0,0.10883280757097792,0.0,0.0,0.0,0.0,0.0,0.0015772870662460567,0.0,0.0,0.0,0.0,0.0,0.0,0.0,0.0,0.0,0.0,0.08517350157728706,0.0,0.0,0.0,0.0,0.0
45,0.31297709923664124,0.015267175572519083,0.030534351145038167,0.0,0.022900763358778626,0.015267175572519083,0.0,0.030534351145038167,0.0,0.022900763358778626,0.007633587786259542,0.022900763358778626,0.015267175572519083,0.0,0.0,0.0,0.007633587786259542,0.007633587786259542,0.0,0.015267175572519083,0.022900763358778626,0.007633587786259542,0.0,0.07633587786259542,0.007633587786259542,0.0,0.007633587786259542,0.03816793893129771,0.015267175572519083,0.007633587786259542,0.007633587786259542,0.0916030534351145,0.0,0.007633587786259542,0.007633587786259542,0.0,0.007633587786259542,0.0,0.0,0.0,0.0,0.0,0.0,0.0,0.0,0.06870229007633588,0.0,0.0,0.0,0.007633587786259542,0.015267175572519083,0.007633587786259542,0.0,0.0,0.0,0.0,0.007633587786259542,0.007633587786259542,0.007633587786259542,0.0,0.0,0.0,0.0,0.0,0.007633587786259542,0.0,0.007633587786259542,0.0,0.0,0.0,0.0,0.0,0.0,0.0,0.0,0.0,0.0,0.015267175572519083,0.0,0.0,0.007633587786259542,0.0,0.0,0.0,0.0,0.007633587786259542,0.0,0.0,0.0,0.0,0.0,0.0,0.0,0.0
46,0.056338028169014086,0.02112676056338028,0.028169014084507043,0.007042253521126761,0.02112676056338028,0.11971830985915492,0.014084507042253521,0.035211267605633804,0.0,0.007042253521126761,0.0,0.056338028169014086,0.028169014084507043,0.0,0.028169014084507043,0.0,0.02112676056338028,0.028169014084507043,0.06338028169014084,0.007042253521126761,0.0,0.0,0.0,0.035211267605633804,0.0,0.035211267605633804,0.007042253521126761,0.02112676056338028,0.007042253521126761,0.0,0.0,0.007042253521126761,0.0,0.007042253521126761,0.007042253521126761,0.0,0.007042253521126761,0.014084507042253521,0.028169014084507043,0.007042253521126761,0.007042253521126761,0.0,0.0,0.0,0.007042253521126761,0.007042253521126761,0.014084507042253521,0.014084507042253521,0.0,0.007042253521126761,0.0,0.0,0.056338028169014086,0.0,0.007042253521126761,0.0,0.0,0.0,0.007042253521126761,0.0,0.0,0.07746478873239436,0.0,0.0,0.007042253521126761,0.0,0.007042253521126761,0.014084507042253521,0.0,0.0,0.0,0.0,0.0,0.0,0.0,0.0,0.0,0.014084507042253521,0.0,0.007042253521126761,0.007042253521126761,0.0,0.0,0.0,0.0,0.0,0.014084507042253521,0.0,0.0,0.0,0.0,0.0,0.0,0.0
47,0.04310344827586207,0.008620689655172414,0.01293103448275862,0.004310344827586207,0.021551724137931036,0.02586206896551724,0.008620689655172414,0.01293103448275862,0.0,0.0,0.0,0.0,0.004310344827586207,0.008620689655172414,0.008620689655172414,0.0,0.004310344827586207,0.01293103448275862,0.0,0.0,0.004310344827586207,0.521551724137931,0.008620689655172414,0.03017241379310345,0.0,0.004310344827586207,0.0,0.004310344827586207,0.004310344827586207,0.0,0.0,0.004310344827586207,0.0,0.0,0.0,0.0,0.0,0.0,0.0,0.0,0.0,0.0,0.0603448275862069,0.0,0.0,0.0,0.021551724137931036,0.0,0.004310344827586207,0.0,0.04741379310344827,0.0,0.0,0.0,0.0,0.0,0.0,0.0,0.004310344827586207,0.008620689655172414,0.0,0.0,0.0,0.0,0.004310344827586207,0.0,0.0,0.0,0.0,0.0,0.0,0.0,0.004310344827586207,0.0,0.0,0.0,0.008620689655172414,0.0,0.0,0.01293103448275862,0.0,0.0,0.004310344827586207,0.0,0.0,0.05172413793103448,0.0,0.0,0.0,0.0,0.008620689655172414,0.0,0.0,0.0
48,0.006359300476947536,0.5373608903020668,0.0,0.012718600953895072,0.01589825119236884,0.02702702702702703,0.17488076311605724,0.025437201907790145,0.0,0.00794912559618442,0.0,0.00794912559618442,0.0047694753577106515,0.003179650238473768,0.006359300476947536,0.001589825119236884,0.001589825119236884,0.003179650238473768,0.001589825119236884,0.001589825119236884,0.0,0.017488076311605722,0.0,0.00794912559618442,0.003179650238473768,0.0,0.0047694753577106515,0.001589825119236884,0.003179650238473768,0.0,0.003179650238473768,0.0047694753577106515,0.0,0.003179650238473768,0.001589825119236884,0.0,0.0,0.003179650238473768,0.0047694753577106515,0.0,0.0,0.0,0.006359300476947536,0.0,0.0,0.01589825119236884,0.003179650238473768,0.001589825119236884,0.001589825119236884,0.001589825119236884,0.001589825119236884,0.003179650238473768,0.0,0.0,0.001589825119236884,0.003179650238473768,0.001589825119236884,0.01589825119236884,0.003179650238473768,0.003179650238473768,0.0,0.0,0.0,0.0,0.001589825119236884,0.001589825119236884,0.0,0.0,0.0,0.0,0.001589825119236884,0.0,0.001589825119236884,0.001589825119236884,0.0,0.0,0.001589825119236884,0.0,0.0,0.0,0.0,0.0,0.0,0.0,0.0,0.0,0.0,0.0,0.0,0.0,0.0,0.001589825119236884,0.025437201907790145,0.001589825119236884
49,0.011210762331838564,0.04035874439461883,0.008968609865470852,0.02466367713004484,0.006726457399103139,0.011210762331838564,0.01569506726457399,0.03139013452914798,0.004484304932735426,0.004484304932735426,0.020179372197309416,0.01569506726457399,0.09865470852017937,0.004484304932735426,0.013452914798206279,0.002242152466367713,0.14349775784753363,0.03587443946188341,0.04484304932735426,0.008968609865470852,0.006726457399103139,0.006726457399103139,0.0,0.008968609865470852,0.002242152466367713,0.004484304932735426,0.006726457399103139,0.013452914798206279,0.002242152466367713,0.0,0.0,0.004484304932735426,0.0,0.02466367713004484,0.008968609865470852,0.0,0.002242152466367713,0.002242152466367713,0.004484304932735426,0.020179372197309416,0.002242152466367713,0.004484304932735426,0.002242152466367713,0.008968609865470852,0.0,0.0,0.008968609865470852,0.017937219730941704,0.0,0.004484304932735426,0.0,0.0,0.0,0.0,0.006726457399103139,0.006726457399103139,0.006726457399103139,0.002242152466367713,0.07399103139013453,0.002242152466367713,0.0,0.004484304932735426,0.002242152466367713,0.002242152466367713,0.002242152466367713,0.011210762331838564,0.006726457399103139,0.006726457399103139,0.0,0.0,0.002242152466367713,0.0,0.002242152466367713,0.09865470852017937,0.002242152466367713,0.002242152466367713,0.0,0.004484304932735426,0.002242152466367713,0.01569506726457399,0.0,0.0,0.0,0.002242152466367713,0.004484304932735426,0.008968609865470852,0.002242152466367713,0.0,0.0,0.0,0.0,0.0,0.002242152466367713,0.0
50,0.13480392156862744,0.07679738562091504,0.0024509803921568627,0.015522875816993464,0.0016339869281045752,0.10049019607843138,0.028594771241830064,0.007352941176470588,0.0032679738562091504,0.2034313725490196,0.02696078431372549,0.0024509803921568627,0.028594771241830064,0.008986928104575163,0.004084967320261438,0.0,0.015522875816993464,0.0016339869281045752,0.0008169934640522876,0.0,0.0016339869281045752,0.008169934640522876,0.0016339869281045752,0.0,0.014705882352941176,0.0008169934640522876,0.0196078431372549,0.006535947712418301,0.0,0.0,0.0032679738562091504,0.0,0.0,0.0016339869281045752,0.0,0.0,0.005718954248366013,0.004901960784313725,0.0008169934640522876,0.0,0.0008169934640522876,0.0024509803921568627,0.0008169934640522876,0.03758169934640523,0.02696078431372549,0.004084967320261438,0.02042483660130719,0.0,0.04738562091503268,0.0,0.0,0.022058823529411766,0.0,0.0,0.004084967320261438,0.006535947712418301,0.0016339869281045752,0.0008169934640522876,0.004084967320261438,0.0,0.0,0.0032679738562091504,0.0,0.029411764705882353,0.0,0.0,0.0,0.0,0.0,0.015522875816993464,0.0,0.0,0.0024509803921568627,0.0032679738562091504,0.0,0.0024509803921568627,0.0008169934640522876,0.0,0.0008169934640522876,0.0024509803921568627,0.0,0.0,0.0008169934640522876,0.0,0.0,0.0,0.0,0.0,0.0,0.0,0.01715686274509804,0.008169934640522876,0.0008169934640522876,0.0
51,0.019801980198019802,0.04950495049504951,0.0297029702970297,0.1188118811881188,0.019801980198019802,0.07920792079207921,0.019801980198019802,0.009900990099009901,0.0,0.0,0.0,0.009900990099009901,0.019801980198019802,0.009900990099009901,0.009900990099009901,0.009900990099009901,0.0,0.009900990099009901,0.0,0.019801980198019802,0.0297029702970297,0.0,0.009900990099009901,0.0297029702970297,0.0,0.0,0.039603960396039604,0.0,0.019801980198019802,0.0,0.0594059405940594,0.009900990099009901,0.0,0.009900990099009901,0.0,0.0,0.0,0.0,0.0,0.0,0.0297029702970297,0.0,0.0,0.0,0.0,0.019801980198019802,0.019801980198019802,0.019801980198019802,0.0,0.0,0.009900990099009901,0.0,0.019801980198019802,0.0,0.0,0.009900990099009901,0.0,0.019801980198019802,0.0,0.0,0.0,0.019801980198019802,0.0,0.009900990099009901,0.0,0.0,0.009900990099009901,0.009900990099009901,0.0,0.009900990099009901,0.0,0.0,0.019801980198019802,0.0,0.0,0.0,0.0,0.009900990099009901,0.07920792079207921,0.009900990099009901,0.0,0.0,0.0,0.0,0.0,0.0,0.0,0.0,0.0,0.0,0.0,0.019801980198019802,0.009900990099009901,0.0
52,0.11486486486486487,0.02702702702702703,0.02702702702702703,0.033783783783783786,0.033783783783783786,0.3581081081081081,0.0,0.013513513513513514,0.006756756756756757,0.006756756756756757,0.0,0.013513513513513514,0.02702702702702703,0.0,0.006756756756756757,0.0,0.006756756756756757,0.006756756756756757,0.0,0.006756756756756757,0.0,0.006756756756756757,0.0,0.0,0.0,0.0,0.006756756756756757,0.0,0.0,0.0,0.0,0.0,0.0,0.0,0.006756756756756757,0.0,0.0,0.0,0.0,0.013513513513513514,0.0,0.0,0.006756756756756757,0.006756756756756757,0.006756756756756757,0.006756756756756757,0.0,0.006756756756756757,0.0,0.0,0.0,0.0,0.0,0.0,0.013513513513513514,0.0,0.013513513513513514,0.006756756756756757,0.0,0.013513513513513514,0.0,0.0,0.0,0.0,0.0,0.0,0.0,0.0,0.0,0.006756756756756757,0.006756756756756757,0.0,0.013513513513513514,0.0,0.0,0.006756756756756757,0.0,0.006756756756756757,0.0,0.006756756756756757,0.0,0.0,0.0,0.006756756756756757,0.006756756756756757,0.0,0.0,0.0,0.0,0.0,0.0,0.0,0.13513513513513514,0.0
53,0.022900763358778626,0.0,0.0,0.015267175572519083,0.022900763358778626,0.022900763358778626,0.04580152671755725,0.0,0.0,0.09923664122137404,0.015267175572519083,0.015267175572519083,0.015267175572519083,0.07633587786259542,0.022900763358778626,0.0,0.015267175572519083,0.0,0.0,0.030534351145038167,0.0,0.0,0.030534351145038167,0.04580152671755725,0.007633587786259542,0.007633587786259542,0.007633587786259542,0.0,0.0,0.0,0.03816793893129771,0.0916030534351145,0.0,0.015267175572519083,0.015267175572519083,0.0,0.0,0.007633587786259542,0.0,0.0,0.0,0.022900763358778626,0.0,0.03816793893129771,0.007633587786259542,0.0,0.0,0.0,0.0,0.0,0.0,0.0,0.0,0.0,0.0,0.0,0.0,0.0,0.0,0.0,0.0,0.007633587786259542,0.0,0.007633587786259542,0.0,0.10687022900763359,0.0,0.0,0.0,0.0,0.0,0.0,0.0,0.0,0.0,0.0,0.0,0.015267175572519083,0.015267175572519083,0.015267175572519083,0.04580152671755725,0.007633587786259542,0.0,0.007633587786259542,0.0,0.0,0.0,0.015267175572519083,0.0,0.0,0.0,0.0,0.0,0.0
54,0.018229166666666668,0.005208333333333333,0.010416666666666666,0.010416666666666666,0.020833333333333332,0.020833333333333332,0.0078125,0.140625,0.010416666666666666,0.005208333333333333,0.028645833333333332,0.015625,0.0078125,0.026041666666666668,0.018229166666666668,0.0026041666666666665,0.0026041666666666665,0.005208333333333333,0.03125,0.0,0.005208333333333333,0.0,0.0026041666666666665,0.005208333333333333,0.0026041666666666665,0.0078125,0.0026041666666666665,0.005208333333333333,0.005208333333333333,0.0,0.0026041666666666665,0.005208333333333333,0.0,0.15885416666666666,0.0078125,0.0,0.0,0.049479166666666664,0.0026041666666666665,0.010416666666666666,0.005208333333333333,0.0546875,0.0,0.018229166666666668,0.005208333333333333,0.005208333333333333,0.0,0.0,0.0,0.0,0.0026041666666666665,0.0,0.0026041666666666665,0.0026041666666666665,0.0078125,0.0,0.11458333333333333,0.010416666666666666,0.005208333333333333,0.0026041666666666665,0.0,0.015625,0.0,0.0,0.0,0.028645833333333332,0.0,0.005208333333333333,0.0,0.0026041666666666665,0.0078125,0.0,0.0,0.0,0.0,0.0,0.0026041666666666665,0.0026041666666666665,0.0,0.005208333333333333,0.015625,0.0026041666666666665,0.0,0.0026041666666666665,0.0078125,0.0,0.0,0.0,0.0,0.0,0.0026041666666666665,0.0,0.0,0.0
55,0.019138755980861243,0.009569377990430622,0.009569377990430622,0.0,0.0,0.019138755980861243,0.004784688995215311,0.004784688995215311,0.0,0.004784688995215311,0.0,0.009569377990430622,0.023923444976076555,0.023923444976076555,0.004784688995215311,0.004784688995215311,0.0,0.014354066985645933,0.009569377990430622,0.004784688995215311,0.0,0.009569377990430622,0.004784688995215311,0.014354066985645933,0.0,0.0,0.41626794258373206,0.014354066985645933,0.0,0.0,0.004784688995215311,0.014354066985645933,0.0,0.0,0.0,0.0,0.0,0.009569377990430622,0.0,0.0,0.0,0.0,0.07655502392344497,0.0,0.004784688995215311,0.0,0.0,0.009569377990430622,0.0,0.028708133971291867,0.0,0.0,0.0,0.0,0.0,0.014354066985645933,0.0,0.014354066985645933,0.0,0.0,0.0,0.0,0.0,0.04784688995215311,0.004784688995215311,0.0,0.004784688995215311,0.0,0.0,0.0,0.0,0.0,0.09569377990430622,0.0,0.004784688995215311,0.0,0.009569377990430622,0.0,0.004784688995215311,0.004784688995215311,0.0,0.0,0.0,0.0,0.0,0.0,0.009569377990430622,0.0,0.0,0.0,0.0,0.004784688995215311,0.004784688995215311,0.0
56,0.038461538461538464,0.019230769230769232,0.0,0.038461538461538464,0.019230769230769232,0.07692307692307693,0.019230769230769232,0.019230769230769232,0.0,0.0,0.0,0.0,0.038461538461538464,0.019230769230769232,0.057692307692307696,0.038461538461538464,0.0,0.038461538461538464,0.0,0.019230769230769232,0.019230769230769232,0.019230769230769232,0.0,0.0,0.0,0.0,0.0,0.038461538461538464,0.0,0.0,0.019230769230769232,0.0,0.0,0.019230769230769232,0.019230769230769232,0.0,0.019230769230769232,0.0,0.019230769230769232,0.0,0.019230769230769232,0.019230769230769232,0.0,0.019230769230769232,0.057692307692307696,0.0,0.0,0.019230769230769232,0.0,0.0,0.0,0.0,0.019230769230769232,0.0,0.0,0.0,0.0,0.0,0.0,0.0,0.0,0.0,0.0,0.0,0.0,0.019230769230769232,0.0,0.019230769230769232,0.0,0.0,0.038461538461538464,0.0,0.0,0.019230769230769232,0.0,0.0,0.07692307692307693,0.0,0.019230769230769232,0.0,0.0,0.0,0.0,0.019230769230769232,0.0,0.0,0.0,0.0,0.0,0.0,0.0,0.019230769230769232,0.0,0.0
57,0.0091324200913242,0.0136986301369863,0.0182648401826484,0.01598173515981735,0.02511415525114155,0.00684931506849315,0.01141552511415525,0.08904109589041095,0.00228310502283105,0.0,0.0,0.0136986301369863,0.0228310502283105,0.0136986301369863,0.0091324200913242,0.0,0.00228310502283105,0.0319634703196347,0.0091324200913242,0.00684931506849315,0.01141552511415525,0.02054794520547945,0.11643835616438356,0.01598173515981735,0.0045662100456621,0.02054794520547945,0.00228310502283105,0.0045662100456621,0.0228310502283105,0.0,0.0,0.0045662100456621,0.00228310502283105,0.00228310502283105,0.01141552511415525,0.0,0.00228310502283105,0.0593607305936073,0.06164383561643835,0.0136986301369863,0.0,0.00228310502283105,0.01141552511415525,0.0,0.0045662100456621,0.0045662100456621,0.01141552511415525,0.0,0.0,0.0,0.01598173515981735,0.0,0.00228310502283105,0.0,0.0091324200913242,0.0,0.0,0.01141552511415525,0.0,0.00684931506849315,0.0,0.01141552511415525,0.0,0.00228310502283105,0.01141552511415525,0.0,0.0,0.00228310502283105,0.0,0.00228310502283105,0.0136986301369863,0.0,0.0045662100456621,0.0,0.0091324200913242,0.0593607305936073,0.0136986301369863,0.0,0.00684931506849315,0.0319634703196347,0.00228310502283105,0.00228310502283105,0.0,0.0,0.00228310502283105,0.00684931506849315,0.0,0.00228310502283105,0.0,0.0,0.0,0.00228310502283105,0.0,0.0547945205479452
